Section,Question,Why it matters,UA,UoC,USM,IPA
Identity,Official name,,,,,
Identity,ROR ID,Lets repositories and funders credit outputs to the institution. Free to request.,,,,
Identity,Zenodo community,"An existing shop window for outputs, at no cost.",,,,
Identity,"Contact for this registry (name, role)",One named person keeps the column current.,,,,
Identity,"Consulted (date, who attended)",Turns a draft column into a confirmed one.,,,,
Storage and collaboration,"Productivity suite: Google Workspace, Microsoft 365, or both?","Decides which storage, forms and dashboard tools come at no extra cost.",,,,
Storage and collaboration,Can people outside the institution get access to files and forms? How?,Decides whether cross-island projects can run in the institution's own tools.,,,,
Storage and collaboration,Storage per person and per project; are shared drives available for research?,Personal storage leaves with the person.,,,,
Storage and collaboration,Where does research data actually sit during a project today?,The honest answer is the baseline.,,,,
Storage and collaboration,"Rules for sensitive data (personal, health, student records): where may it be stored?",Rules out some tools before anyone chooses them.,,,,
Publishing and identifiers,Institutional repository? Platform and URL.,,,,,
Publishing and identifiers,"Can the institution mint DOIs? By which route: own DataCite prefix, a consortium, or only through Zenodo, OSF or Dataverse?",Most institutions need no DOI membership of their own.,,,,
Publishing and identifiers,ORCID: institutional membership? Roughly what share of researchers has one?,,,,,
Publishing and identifiers,"Who looks after theses, reports and datasets once they are finished: library, research office, nobody?",Names the person a repository decision would land on.,,,,
Publishing and identifiers,Any journal or report series that needs DOIs?,Decides whether Crossref is relevant.,,,,
Analysis software,"Licensed quantitative software: product, number of seats, who may use it, home use?",,,,,
Analysis software,"Licensed qualitative software: product, number of seats, who may use it?",,,,,
Analysis software,"Computer labs: operating system, and can users install R, Python and packages themselves?",Installation is where workshops lose their first morning.,,,,
Analysis software,"Browser tools enabled on institutional accounts (Google Colab, Posit Cloud)?",The fallback when installation is blocked.,,,,
Analysis software,Licence renewal month and budget holder for each paid tool.,A switch can only happen at renewal.,,,,
Policy and support,"Research data or open science policy: title, year, link?",,,,,
Policy and support,"Support for data management plans: template, reviewer?",,,,,
Policy and support,"A named data steward, librarian or champion for research data?",,,,,
Policy and support,Does ethics review check data management and consent for data sharing?,Consent decides what can ever be shared.,,,,
Policy and support,Data or software training offered in the last 12 months.,,,,,
Direction,"Planned changes in the next 12 to 24 months: new licences, cancellations, migrations?",,,,,
Direction,"What could the institution share with partners on other islands: licences, servers, trainers?",Where one institution's capacity can serve the network.,,,,
Direction,What would the institution want from the network?,,,,,
AI,Is there an AI policy or guidance for staff and students?,Tells people what is allowed before they find out the hard way.,,,,
AI,"Does the institution hold AI accounts, and under which agreement?",Decides whether data typed into AI tools falls under an institutional contract or under personal terms.,,,,
AI,"Is the AI chat in the existing Microsoft 365 or Google licence switched on, and for whom?","Often already paid for, and the cheapest protected option.",,,,
AI,"Which data may go into which AI tools, and who decides?","Personal and confidential data needs a rule, not individual judgement.",,,,
